Бренд;Модель
Advance;GL-079A
Advance;GL251T
Advance;GL252T
Advance;GL256F
Advance;GL265D
Advance;GL266D
Advance;GL267D
Advance;GL268D
Advance;GL278A
Advance;GL282A
Advance;GL283A
Advance;GL283T
Advance;GL284A
Advance;GL286A
Advance;GL286T
Advance;GL296А
Advance;GL665A
Advance;GL671A
Aeolus;ADC53
Aeolus;ADR35
Aeolus;ADR69
Aeolus;ADR78
Aeolus;AER3
Aeolus;AGB20
Aeolus;AGC08
Aeolus;AGC28
Aeolus;ASR35
Aeolus;ASR69
Aeolus;ASR79
Aeolus;ATL35
Aeolus;ATR65
Aeolus;HN08
Aeolus;HN207
Aeolus;HN227
Aeolus;HN230+
Aeolus;HN253
Aeolus;HN257
Aeolus;HN306
Aeolus;HN355
Aeolus;HN366+
Aeolus;HN828+
Aeolus;HN829
Aeolus;Neo Allroads D
Aeolus;Neo Allroads D+
Aeolus;Neo Allroads S
Aeolus;Neo Allroads T2
Aeolus;Neo Construct D
Aeolus;Neo Construct G
Aeolus;R508
Agate;FAL535
Agate;HF638
Agate;HF660
Agate;HF701
Agate;HF702
Agate;HF768
Agate;T022
Alliance;A-328
Alliance;A-585
Alliance;A-885
Alliance;MASTER
Alliance;А-328
Amberstone;300
Amberstone;366
Amberstone;396
Amberstone;700
Amberstone;716
Amberstone;785
Annaite;300
Annaite;366
Annaite;396
Annaite;700
Annaite;716
Annaite;785
Ansu;BY502
Ansu;BYD68
Antyre;785
Antyre;TB762
Aoteli;T176
Aplus;D268
Aplus;D288
Aplus;D318
Aplus;D608
Aplus;D688
Aplus;D689
Aplus;D801
Aplus;D802
Aplus;D805
Aplus;D808
Aplus;D860
Aplus;S201
Aplus;S202
Aplus;S205
Aplus;S208
Aplus;S600
Aplus;T605
Aplus;T705
Aplus;T706
Apollo;ENDURACE
Armorsteel;KMT
Armorsteel;KSM M+S
Armorsteel;KTR
Armorsteel;MS
Armour;TI-300
Armour;TI300
Aufine;ADL2
Aufine;ADR8
Aufine;AEH2
Aufine;AEL2
Aufine;AEL5
Aufine;AEM3
Aufine;AER3
Aufine;AF156
Aufine;AF177
Aufine;AF197
Aufine;AF717
Aufine;AF88
Aufine;ATR2
Aufine;ATR3
Aufine;ATR5
Aufine;ATR9
Aufine;CONQUEROR
Aufine;DM2
Aufine;DR3
Aufine;XY
Aufine;АDR8
Aufine;АF32
Aufine;АЕL5
Austone;AT115
Austone;AT115А
Austone;AT127
Austone;AT68
Austone;T78
Austone;АТ127
Autogrip;DR909
BFGoodrich;CROSS CONTROL T
BFGoodrich;MS
BFGoodrich;ROUTE CONTROL T
Barum;BD200
Barum;BD22
Barum;BF200
Barum;BT200
Barum;BT926
Barum;BU49
Barum;BТ200R
Barum;MS
Barum;T16
Belshina;БЕЛ-310
Belshina;ИН-142
Bestrich;BSR636
Bestrich;MASTER
BigRoad;ST901
Blacklion;BD175
Blacklion;BD280
Blacklion;BT180
Blacklion;LR01
Blacklion;T16
Bontyre;D-730
Bontyre;D-735
Bontyre;R950
Boto;BT215
Boto;BT215N
Boto;BT219
Boto;BT267
Boto;BT388
Boto;BT398+
Boto;BT668
Boto;BT688
Boto;BT926
Boto;BT957
Boto;BT968
Boto;T16
Boto;T51
Bridgestone;BS-834T
Bridgestone;BS-835T
Bridgestone;DURRD002
Bridgestone;DURRS002
Bridgestone;DURRT002
Bridgestone;DURS2
Bridgestone;L317
Bridgestone;L355
Bridgestone;M-729
Bridgestone;M249
Bridgestone;M297
Bridgestone;M716
Bridgestone;M729
Bridgestone;M748
Bridgestone;M749
Bridgestone;M788
Bridgestone;M84
Bridgestone;M840
Bridgestone;MDV1
Bridgestone;MS
Bridgestone;MSV1
Bridgestone;MTV1
Bridgestone;R-Steer
Bridgestone;R164
Bridgestone;R166II
Bridgestone;R168
Bridgestone;R168+
Bridgestone;R179
Bridgestone;R184
Bridgestone;R227
Bridgestone;R249
Bridgestone;R249ECO
Bridgestone;R249ECO+
Bridgestone;R249EVO
Bridgestone;R297
Bridgestone;RT1
Bridgestone;М729
Bycross;BY502
Bycross;BY705
CTM;R328
CTM;XR300
CTM;XR950
Cachland;167CSL
Cachland;667CDL
Changfeng;FU
Changfeng;HF628
Changfeng;HF660
Changfeng;HF702
Changfeng;HF707
Changfeng;T022
Chengshan;T78
Compasal;CPD38
Compasal;CPD81
Compasal;CPD82
Compasal;CPS21
Compasal;CPS25
Compasal;CPS60
Compasal;CPT65
Compasal;CPT75
Compasal;CPT76
Compasal;СPD81
Constancy;CONSTANCY
Constancy;ECOSMART
Constancy;ECOSMART66
Constancy;ECOSMART78
Constancy;RT1
Continental;CHD3
Continental;CHS3
Continental;CHT3
Continental;Conti Hybrid HT3
Continental;Cross Trac HT3
Continental;HA3
Continental;HD3
Continental;HDC1
Continental;HDL1
Continental;HS3
Continental;HSL2
Continental;HSR1
Continental;HT3
Continental;HTE2
Continental;HTR
Continental;HTR2
Continental;Hybrid HD
Continental;LD3
Continental;LS3
Continental;LSR1
Continental;LightPro T
Continental;MASTER
Continental;MS
Continental;PremiumContact
Copartner;CP150
Copartner;CP157
Copartner;CP159
Copartner;CP269
Copartner;CP586
Copartner;CP929
Copartner;CP962
Copartner;CPS228
CrossWind;CWA40K
CrossWind;CWD10E
CrossWind;CWD20E
CrossWind;CWD30K
CrossWind;CWD40K
CrossWind;CWD60W
CrossWind;CWS10E
CrossWind;CWS20E
CrossWind;CWS30K
CrossWind;CWT10E
CrossWind;CWT20E
Crown;AT131
Crown;T16
Dayton;D400T
Dayton;D500S
Dayton;D600
Dayton;D600D
Debica;DRD2
Debica;DRS2
Debica;DRT
Debica;MS
Deestone;L160
Deestone;MS
Deestone;SD433
Deestone;SD437
Deestone;SK421
Deestone;SK423
Deestone;SS403TL
Deestone;SS431
Deestone;SS433
Deestone;SV401
Deestone;SV403
Deestone;SW-413
Deestone;SW413
Deestone;SW415
Double Coin;RLB200+
Double Coin;RLB450
Double Coin;RLB490
Double Coin;RLB900+
Double Coin;RR202
Double Coin;RR9
Double Coin;RR905
Double Coin;RT500
Double Coin;RT910
Double Road;DR804
Double Road;DR815
Double Road;DR824
Double Road;DR836
Double Road;R801
Double Star;DSR08A
Double Star;DSR08АFA
Double Star;DSR116
Double Star;DSR118
Double Star;DSR188
Double Star;DSR266
Double Star;DSR668
Double Star;DSR678
Double Star;R508
Double Star;TAX106
Doupro;ST901
Doupro;ST916
Doupro;ST928
Doupro;ST932
Doupro;ST939
Doupro;ST957
Doupro;ST969
Doupro;YS891
Dunlop;396
Dunlop;SP-346
Dunlop;SP-446
Dunlop;SP160
Dunlop;SP241
Dunlop;SP246
Dunlop;SP247
Dunlop;SP252
Dunlop;SP282
Dunlop;SP344
Dunlop;SP346
Dunlop;SP382
Dunlop;SP395
Dunlop;SP444
Dunlop;SP446
Dunlop;SP482
Dunlop;SP902
Duraturn;CONSTRUCT
Duraturn;DT23
Duraturn;Y105
Duraturn;Y126
Duraturn;Y201
Duraturn;Y203
Duraturn;Y219
Duraturn;Y529
Duraturn;Y601
Duraturn;Y603
Duraturn;Y631
Duraturn;Y816
Duraturn;Y998ECE
Dynacargo;Y101
Dynacargo;Y105
Dynacargo;Y126
Dynacargo;Y201
Dynacargo;Y202FE
Dynacargo;Y203
Dynacargo;Y219
Dynacargo;Y529
Dynacargo;Y603
Dynacargo;Y631
Dynacargo;Y998ECE
Everton;EV670
Falken;BI-851
Falken;BI851
Falken;BI856
Falken;GI378
Falken;GI388
Falken;LI257
Falken;RI128
Falken;RI151
Fesite;HF111
Fesite;HF121
Fesite;HF31
Fesite;HF313
Fesite;HF638
Fesite;HF660
Fesite;HF668
Fesite;HF702
Fesite;HF768
Fesite;ST011
Fesite;T022
Firemax;FM07
Firemax;FM08
Firemax;FM1
Firemax;FM66
Firemax;FM99
Firestone;FD600
Firestone;FD600II
Firestone;FD611
Firestone;FD622
Firestone;FD622+
Firestone;FD833
Firestone;FS400
Firestone;FS411
Firestone;FS422
Firestone;FS422+
Firestone;FS833
Firestone;FT522
Firestone;FT833
Firestone;TSP3000
Force;ECOFORCE
Force;GR666
Force;R508
Force;REGIOFORCE
Force;VARIOFORCE
Force;WA1060
Force;WD2020
Force;WD2060
Force;WD2062
Force;WD3080
Force;WH1000
Force;WH1020
Force;WT3000
Force;WT3030
Frederic;FA625
Frederic;FD728
FrontWay;HD638
FrontWay;HD768
FrontWay;HD797
FrontWay;HD909
FrontWay;HD919
FrontWay;HD969
FrontWay;MS
Fronway;HD158
Fronway;HD717
Fronway;HD727
Fronway;HD757
Fronway;HD768
Fronway;HD777
Fronway;HD797
Fronway;HD909
Fronway;HD919
Fronway;HD969
Fulda;ECOCONTROL
Fulda;ECOTONN
Fulda;FU
Fulda;REGIOCONTROL
Fulda;VARIOCONTROL
Fulda;VARIOTONN
Fullrun;700
Fullrun;FM07
Fullrun;FU
Fullrun;KTX276
Fullrun;KTX300
Fullrun;KTX328
Fullrun;KTX575
Fullrun;KTX588
Fullrun;KTX765
Fullrun;KTX816
Fullrun;SC117
Fullrun;SC155
Fullrun;SC168
Fullrun;SC201
Fullrun;SC216
Fullrun;SC328
Fullrun;SC329
Fullrun;SC508
Fullrun;TB1000
Fullrun;TB755
Fullrun;TB762
Fullrun;TB875
Fullrun;TBC-A11
Fullrun;TBC-A21
Fullrun;TВ875
Fullrun;ТВ1000
Goodride;GTR1
GTRadial;GAR820
GTRadial;GT259
GTRadial;GT686
GTRadial;GT978
GTRadial;GT978+
Galaxy;MASTER
Galaxy;XY
Gentire;GD833
Gentire;GD835
Gentire;GD931
Gentire;GF829
GiTi;GAC821
GiTi;GAM831
GiTi;GAM851
GiTi;GAR820
GiTi;GDL617
GiTi;GDM686
GiTi;GDR619
GiTi;GDR621
GiTi;GDR638
GiTi;GDR655
GiTi;GDR665
GiTi;GI378
GiTi;GSR225
GiTi;GSR259
GiTi;GSW226
GiTi;GT259
GiTi;GT659+
GiTi;GT821
GiTi;GT822
GiTi;GT825
GiTi;GT879T
GiTi;GT978
GiTi;GTL919
GiTi;GTR955
GmRover;GM578
Gold Dove;CR913
Gold Dove;CR926
Gold Dove;CR952
Gold Dove;CR953
Goldpartner;CR913
Goldpartner;GP702
Goldpartner;GP704
Goldpartner;GP706
Goldpartner;GP712
Goldpartner;GP715
Goldpartner;GP718A
Goldpartner;GP720+
Goldpartner;GP722
Goldpartner;GP731
Goldpartner;GP731A
Goldpartner;RS618A
Goldshield;HD717
Goldshield;HD758
Goldshield;HD768
Goldshield;HD777
Goldshield;HD797
Goldshield;HD919
Goldshield;HD969
Goodride;AD733
Goodride;AT555
Goodride;AT556
Goodride;AT557
Goodride;CM335
Goodride;CM986
Goodride;CR931
Goodride;CR960
Goodride;CR976A
Goodride;DR1
Goodride;GR976A
Goodride;GSR1
Goodride;T56
Goodtyre;YB268
Goodtyre;YB368
Goodyear;FU
Goodyear;GEN-2
Goodyear;KMAX D
Goodyear;KMAX S
Goodyear;KMAX T
Goodyear;KMAX Т
Goodyear;KMAXS
Goodyear;KMAX S
Goodyear;KMT
Goodyear;LHS
Goodyear;MS
Goodyear;OMNITRAC D
Goodyear;OMNITRAC S
Goodyear;RHD
Goodyear;RHS
Goodyear;RHT
Goodyear;КМАХ S
Greatway;DD909
Greatway;DT966
Greatway;DT970
Greforce;GR612
Greforce;GR661
Greforce;GR662
Greforce;GR666
Greforce;GR678
Greforce;GR679
Greforce;GR777
Greforce;GR881
Grenlander;GR662
Grenlander;GR666
Grenlander;GR678
Grenlander;GR679
Grenlander;GR881
Haida;CP159
Haida;HD157
Haida;HD159
Haida;HD586
HakaTires;HK1000
HakaTires;HK3000
HakaTires;HK3250
Hankook;AH11
Hankook;AH22
Hankook;AH22+
Hankook;AH31
Hankook;AH35
Hankook;AL10
Hankook;AL10+
Hankook;AL20
Hankook;AL22
Hankook;AM09
Hankook;AM15
Hankook;AU03
Hankook;AU04
Hankook;AН31
Hankook;DH05
Hankook;DH31
Hankook;DH35
Hankook;DL10
Hankook;DL10+
Hankook;DL20
Hankook;DL22
Hankook;DM09
Hankook;DН31
Hankook;DН35
Hankook;HS106
Hankook;OH-101
Hankook;OH-110
Hankook;TH1
Hankook;TH2
Hankook;TH22
Hankook;TH31
Hankook;TL10
Hankook;TL10+
Hankook;TL20
Hankook;TM15
Hankook;TTH-S13
Hankook;TН31
Hankook;АH31
Hankook;АL10
Hankook;АМ15
Hankook;АН31
Hankook;АН35
Hankook;ТH31
Hankook;ТН31
Happyroad;Y226
Helloway;H258
Hifly;FU
Hifly;HF31
Hifly;HF313
Hifly;HF768
Hifly;HH025
Hifly;HH102
Hifly;HH107
Hifly;HH111
Hifly;HH30
Hifly;HH301
Hifly;HH301+
Hifly;HH302
Hifly;HH308A
Hifly;HH308А
Hifly;HH309
Hifly;HH313
Hifly;HH368
Hifly;HН308А
Hifly;T022
Hifly;НН102
Hifly;НН107
Hifly;НН301
Hifly;НН308А
Hifly;НН368
Hilo;366
Hilo;700
Hilo;785
Hunterroad;H101
Hunterroad;H612
Hunterroad;H701
Hunterroad;H801
Hunterroad;H802
Inning;A802
Inning;D905
Inning;DA801
Inning;DA818
Inning;DD335
Inning;DD909
Inning;DD966
Inning;DT966
Inning;DT970
Inning;DА801
Inning;DА818
Inning;DТ966
Jilutong;ECOPLANET
Jinyu;JA665
Jinyu;JD565
Jinyu;JD575
Jinyu;JD755
Jinyu;JD756
Jinyu;JD758
Jinyu;JF568
Jinyu;JF575
Jinyu;JU555
Jinyu;JU558
Jinyu;JY520
Jinyu;JY598
Jinyu;JY601
Jinyu;JY711
Jinyu;JТ560
Jinyu;T56
Joyall;A601
Joyall;A610
Joyall;A701
Joyall;A702
Joyall;A802
Joyall;B878
Kingrun;T698
Kama;ИН-142
Kapsen;HS101
Kapsen;HS102
Kapsen;HS103
Kapsen;HS106
Kapsen;HS166
Kapsen;HS202
Kapsen;HS26
Kapsen;HS918
Kapsen;HS928
Kapsen;S201
Kapsen;S203
Kapsen;S205
Kapsen;S209
Kelly;DM2
Kelly;KSM M+S
Kelly;KSM2
Kelly;KTR
Kelly;MS
Keter;KTMT2
Kingrun;TT249
Kingrun;TT608
Kingrun;TT768
Koryo;K216
Koryo;K329
Koryo;K508
Koryo;K516
Koryo;KR900
Koryo;KR907+
Koryo;R216
Kumho;KRD02
Kumho;MD01
Kumho;RS15
Kumho;RS50
Lander;GR678
Lanvigator;D318
Lanvigator;D801
Lanvigator;D802
Lanvigator;S201
Lanvigator;S600
Lanvigator;T705
Lanvigator;T706
Lanvigator;Т706
Lanwoo;LW805
Lanwoo;LW807
Lanwoo;LW901
Lassa;LS/R3000
Lassa;LS/R3100
Lassa;LS/T5500
Laufenn;LF21
Laufenn;LF22
Laufenn;LF90
Laufenn;LF91
Laufenn;LR01
Laufenn;LR53
Laufenn;LZ22
Leao;T820
LingLong;ETD100
Linglong;AFE805
Linglong;AFW806
Linglong;D905
Linglong;D915
Linglong;D920
Linglong;D960
Linglong;F816
Linglong;F820
Linglong;KLD200
Linglong;KLS200
Linglong;KLT200
Linglong;KMA400
Linglong;KTA303
Linglong;KTD300
Linglong;KTD303
Linglong;KTS300
Linglong;LDL186
Linglong;LDL831
Linglong;LDW807
Linglong;LFE805
Linglong;LFL827
Linglong;LFL866
Linglong;LFW806
Linglong;LLA08
Linglong;LLA18
Linglong;LLA38
Linglong;LLA78
Linglong;LLD01
Linglong;LLD37
Linglong;LLF02
Linglong;LLF06
Linglong;LLF86
Linglong;LLА18
Linglong;LTL812
Linglong;LTL863
Linglong;MS
Linglong;T820
Linglong;T830
Longmarch;LM-301
Longmarch;LM-508
Longmarch;LM115
Longmarch;LM117
Longmarch;LM127
Longmarch;LM128
Longmarch;LM155
Longmarch;LM168
Longmarch;LM201
Longmarch;LM216
Longmarch;LM217
Longmarch;LM229D
Longmarch;LM267F
Longmarch;LM288
Longmarch;LM301
Longmarch;LM305
Longmarch;LM326
Longmarch;LM328
Longmarch;LM329
Longmarch;LM330
Longmarch;LM508
Longmarch;LM509
Longmarch;LM511
Longmarch;LM519
Longmarch;LM526
Longmarch;LM539F
Longmarch;LM666
Longmarch;LM668
Longmarch;LM701
Marcher;W-3A
Marshal;KLS03
Marshal;KLT01
Matador;DH1
Matador;DHR
Matador;DM1
Matador;DM4
Matador;DM905
Matador;DR-1
Matador;DR1
Matador;DR3
Matador;DRD2
Matador;DRS2
Matador;DRT
Matador;ENDURACE
Matador;FM07
Matador;FM08
Matador;FM1
Matador;FM4
Matador;FM77
Matador;FR2
Matador;FR3
Matador;HR-4
Matador;HR4
Matador;MASTER
Matador;MS
Matador;НR4
Maxell;LD21
Maxell;LT1
Maxell;MD301
Michelin;ADL2
Michelin;AER2
Michelin;AER3
Michelin;DR3
Michelin;L160
Michelin;LINE ENERGY F
Michelin;LINE ENERGY T
Michelin;MS
Michelin;MULTI HD Z
Michelin;MULTI Z
Michelin;Multi D
Michelin;X COACH XD
Michelin;X INCITY XZU
Michelin;X LINE ENERGY
Michelin;X Line Energy D2
Michelin;X MULTI ENERGY Z
Michelin;X MULTI F
Michelin;X MULTI T
Michelin;XDE
Michelin;XFA2
Michelin;XTA
Michelin;XTE
Michelin;XTE3
Michelin;XZE
Michelin;XZL
Michelin;XZL+
Michelin;XZY
Michelin;X MULTI F
Michelin;X MULTI HD D
Michelin;X MULTI HD Z
Michelin;X MULTI Z
Michelin;Х WORKS HD Z
Mirage;FTL-311
Mirage;FTL311
Mirage;MG-022
Mirage;MG-111
Mirage;MG-628
Mirage;MG-638
Mirage;MG-660
Mirage;MG-668
Mirage;MG-768
Mirage;MG011
Mirage;MG022
Mirage;MG111
Mirage;MG121
Mirage;MG313
Mirage;MG628
Mirage;MG638
Mirage;MG660
Mirage;MG668
Mirage;MG702
Mirage;MG768
Mitas;AR02
Mitas;EM-22
Mitas;EM22
Mitas;EM38
Mitas;MPT-05
Mitas;NB-38
Mitas;NB38
Mitas;TR01
Mitas;TR08
Neoterra;366
Neoterra;NT155
Neoterra;NT299
Neoterra;NT333
Neoterra;NT555
Neoterra;NT599
Neoterra;NT689
Neoterra;NT699
Neoterra;NT899S
Neoterra;T16
Nokian;NTR-32
Nokian;NTR-844
Nokian;R-TRUCK
Ovation;VI702
Odyking;OD302
Odyking;OD898
Odyking;OD901
Onyx;HO102
Onyx;HO107
Onyx;HO111
Onyx;HO121
Onyx;HO302
Onyx;HO308A
Onyx;HO309
Onyx;HO312
Onyx;HO368
Onyx;HО121
Onyx;NAL535
Onyx;R508
Onyx;R518
Onyx;T022
Onyx;НО327
Otani;MS
Otani;OH-101
Otani;OH-102
Otani;OH-107
Otani;OH-108
Otani;OH-109
Otani;OH-110
Otani;OH-111
Otani;OH-115
Otani;OH-119
Otani;OH-201
Otani;OH-203
Otani;OH-301
Otani;OH-306
Otani;OH-311
Otani;OH-312
Otani;OH-312+
Otani;OH-319
Otani;OH-320
Otani;OH-402
Otani;OH-501
Otani;OH102
Otani;OH108
Otani;OH301
Otani;ОН-107
Otani;ОН-311
Ovation;ETL311
Ovation;ETL357
Ovation;HF702
Ovation;VI-011
Ovation;VI-022
Ovation;VI-025
Ovation;VI-111
Ovation;VI-126
Ovation;VI-313
Ovation;VI-616
Ovation;VI-628
Ovation;VI-638
Ovation;VI-660
Ovation;VI-668
Ovation;VI-702
Ovation;VI-708
Ovation;VI-768
Ovation;VI628
Ovation;VI638
Ovation;VI660
Ovation;VI668
Ovation;VI708
Ovation;VI768
Petlas;700
Petlas;LZ300
Petlas;NB-38
Petlas;NB38
Petlas;NCW710
Petlas;NH100
Petlas;NZ300
Petlas;NZ305
Petlas;RH100
Petlas;RM900
Petlas;RM905
Petlas;RZ300
Petlas;SH100
Petlas;SH110
Petlas;SY800
Petlas;SZ300
Pirelli;AP05
Pirelli;FG88
Pirelli;FH01
Pirelli;FH:01
Pirelli;FR01
Pirelli;FR85
Pirelli;FR:01
Pirelli;IT-T90
Pirelli;PS22
Pirelli;ST01
Pirelli;ST25
Pirelli;ST:01
Pirelli;TG01
Pirelli;TG88
Pirelli;TG:01
Pirelli;TG:88
Pirelli;TH01
Pirelli;TH:01
Pirelli;TR-85
Pirelli;TR01
Pirelli;TR25
Pirelli;TR85
Pirelli;TR:01
Pirelli;TR:85
Powertrac;L160
Powertrac;POWERPLUS+
Powertrac;PRT06
Prime Well;PW622
Prime Well;PW622+
Roadmax;ST-902
Roadmax;ST901
Roadmax;ST928
Roadmax;ST932
Roadmax;ST936
Roadmax;ST939
Roadmax;ST957
Roadmax;ST969
Roadmax;SТ901
Roadmax;YS891
Rhino;RT666
RoadX;DX670
RoadX;DX671
RoadX;RH621
RoadX;T78
Roadlux;LM117
Roadlux;LM216
Roadlux;LM329
Roadlux;LM526
Roadlux;R117
Roadlux;R118
Roadlux;R127
Roadlux;R168
Roadlux;R216
Roadlux;R326
Roadlux;R328
Roadlux;R329
Roadlux;R508
Roadlux;R520
Roadlux;R526
Roadone;GD58
Roadone;HF31
Roadone;HF81
Roadone;RA36
Roadshine;RS601
Roadshine;RS602
Roadshine;RS604
Roadshine;RS611
Roadshine;RS612
Roadshine;RS612A
Roadshine;RS612А
Roadshine;RS615
Roadshine;RS617
Roadshine;RS618A
Roadshine;RS620
Roadshine;RS622
Roadshine;RS63
Roadshine;S600
Roadshine;S606
Roadshine;SK520+
RockStone;ST957
Rodeo;RT201
Rosava;ИД-304
Rotalla;GRT928
Rotalla;RTL928
Royal Black;D688
Royal Black;D801
Royal Black;D802
Royal Black;ENDURACE
Royal Black;RBK81
Royal Black;RD25
Royal Black;RS01
Royal Black;RS03
Royal Black;RТ706
Royal Black;S201
Royal Black;S205
Royal Black;S600
Royal Black;T605
Royal Black;T705
Royal Black;T706
Royal Black;T78
Ruifulai;FU
Sprint;HK3050
SafeRun;CR926
Safecess;SFC07
Safecess;SFC39
Safeholder;BY502
Safeholder;L160
Sailun;DR1
Sailun;FR1
Sailun;FU
Sailun;S637
Sailun;S696
Sailun;Sailun
Samson;MS
Satoya;SD-060
Satoya;SD-062
Satoya;SD-064
Satoya;SD-066
Satoya;SD062
Satoya;SF-042
Satoya;ST-082
Satoya;ST082
Satoya;SU-022
Sava;AVANT 4 PLUS
Sava;AVANT4
Sava;COMET
Sava;MS
Sava;ORJAK 4 PLUS
Semperit;MS
Shimo;R508
Shimo;ST928
Shimo;YS618
Shimo;YST618
Skyfire;SK522
Skyfire;SK531A
Sportrac;396
Sportrac;SP301
Sportrac;SP303
Sportrac;SP395
Sportrac;SP398
Sportrac;SP997
Sportrak;396
Sportrak;SP301
Sportrak;SP302
Sportrak;SP303
Sportrak;SP304
Sportrak;SP316
Sportrak;SP398
Sportrak;SP902
Sportrak;SP925
Sprint;HK3400
Starmaxx;CS900
Starmaxx;DC700
Starmaxx;DC700+
Starmaxx;DH100
Starmaxx;DH100+
Starmaxx;DM905
Starmaxx;DZ300
Starmaxx;GH100
Starmaxx;GH110
Starmaxx;GZ300
Starmaxx;LH100
Starmaxx;LX305
Starmaxx;LZ300
Starmaxx;LZ305
Starmaxx;SZ300
Sunfull;FU
Sunfull;HF121
Sunfull;HF638
Sunfull;HF660
Sunfull;T022
Supercargo;SC117
Supercargo;SC155
Supercargo;SC168
Supercargo;SC201
Supercargo;SC216
Supercargo;SC217
Supercargo;SC229D
Supercargo;SC267F
Supercargo;SC278S
Supercargo;SC288
Supercargo;SC326
Supercargo;SC328
Supercargo;SC329
Supercargo;SC508
Supercargo;SC519
Supercargo;SC526
Supercargo;SC539F
Syron;K-TIR225
Taidelong;YB268
Taitong;HS101
Taitong;HS102
Taitong;HS106
Taitong;HS109
Taitong;HS166
Taitong;HS202
Taitong;HS207
Taitong;HS26
Taitong;HS918
Taitong;HS928
Taitong;S201
Taitong;S203
Taitong;S205
Terraking;HS101
Terraking;HS102
Terraking;HS103
Terraking;HS106
Terraking;HS166
Terraking;HS26
Terraking;HS918
Terraking;S203
Terraking;S205
Texxan;TX170
Three-A;T268
Three-A;T286
Three-A;T298
Tigar;MS
Toprunner;CR913
Toprunner;CR917
Toprunner;CR918
Toprunner;CR926
Toprunner;CR993
Toprunner;CR995
Torque;DL22
Torque;FAR515
Torque;FTL311
Torque;FTM313
Torque;Q660
Torque;R518
Torque;TQ022
Torque;TQ111
Torque;TQ121
Torque;TQ628
Torque;TQ638
Torque;TQ660
Torque;TQ668
Torque;TQ702
Torque;TQ768
Tosso;BS73
Tosso;BS835T
Tosso;BS838T
Tosso;BS838Т
Tracmax;GRT770
Tracmax;GRT800
Tracmax;GRT880
Tracmax;GRT901
Tracmax;GRT928
Tracmax;GRT932
Tracmax;GRT939
Tracmax;GRT967
Tracmax;ST901
Tracmax;ST928
Tracmax;ST967
TransKing;ECOSMART
Transking;TG107
Transtone;T698
Transtone;TT608
Transtone;TT613
Triangle;ATR65
Triangle;MS
Triangle;TBC-A11
Triangle;TBC-A21
Triangle;TR601
Triangle;TR615
Triangle;TR656
Triangle;TR657
Triangle;TR658
Triangle;TR663
Triangle;TR668
Triangle;TR669
Triangle;TR675
Triangle;TR678
Triangle;TR680
Triangle;TR685
Triangle;TR686
Triangle;TR688
Triangle;TR689
Triangle;TR689А
Triangle;TR690
Triangle;TR691E
Triangle;TR691Е
Triangle;TR692
Triangle;TR693
Triangle;TR697
Triangle;TR912
Triangle;TR918
Triangle;TR919
Triangle;TRA01
Triangle;TRA02
Triangle;TRD02
Triangle;TRD03
Triangle;TRD05
Triangle;TRD06
Triangle;TRD08
Triangle;TRD601
Triangle;TRD692
Triangle;TRS02
Triangle;TRS03
Triangle;TRT02
Triangle;TRY66
Triangle;TRТ02
Triangle;TTM-A11
Triangle;TВ656
Triangle;АTR65
Triangle;ТR601H
Triangle;ТR657
Triangle;ТR675
Triangle;ТR685
Triangle;ТR688
Triangle;ТR918
Triangle;ТRS03
Triangle;ТТН-S13
TruckMaster;MASTER
Truefast;TF128
Tuneful;FU
Turnpike;S1000
Tyrex;TYREX
Tyrex;VM-201
Tyrex;VM-310
Tyrex;О-168
Uniroyal;DH1
Uniroyal;DH40
Uniroyal;FH100
Uniroyal;FM1
Uniroyal;R2000
Uniroyal;T6000
Uniroyal;TH40
Valleystone;VR668
Vglory;VG866S
Vipal;VZA80
Wanli;SDR03
Wanli;STR03
Wellplus;716
Wellplus;DM1
Wellplus;WAM
Wellplus;WAM666
Wellplus;WDH816
Wellplus;WDM916
Wellplus;WST616
WestLake;AD156
WestLake;AT555
WestLake;CL626
WestLake;CR931
WestLake;CR960
WestLake;DR1
WestLake;T56
WestLake;WTL1
WestLake;WTX1
Winda;BT215N
Winda;D688
Winda;WD219
Winda;WD267
Winda;WD388
Winda;WD957
Windforce;CWD20E
Windforce;GR666
Windforce;REGIOFORCE
Windforce;WA1060
Windforce;WD1020
Windforce;WD2020
Windforce;WD2060
Windforce;WH1020
Windforce;WT3000
Windforce;WН1000
Windforce;WН1020
Windpower;DR1
Windpower;WDL-60
Windpower;WDR-36
Windpower;WSL27
Windpower;WSR+1
Windpower;WSR-24
Windpower;WSR1
Windpower;WSR36
Wonderland;BY502
Wosen;WS118
Wosen;WS128
Wosen;WS138
Wosen;WS648
Wosen;WS712
Wosen;WS766
Wosen;WS767
Wosen;WS816
Wosen;WS836
Yatai;T186
Yatai;T276+
Yatai;T286
Yatone;T286
Yatone;T286+
Yokohama;G015
Yueheng;YH158
Zermatt;ZJA88
